taxonomy_type,category,count,percent_of_all,percent_excluding_unknown,example_candidate_ids
evidence_role,deviation_and_factor,258,54.55,54.55,github_issue::huggingface/lerobot::3814;github_issue::huggingface/lerobot::2533;github_issue::huggingface/lerobot::3252;github_issue::huggingface/lerobot::2853;github_issue::huggingface/lerobot::3674
evidence_role,deviation_only,144,30.44,30.44,github_issue::huggingface/lerobot::3633;github_issue::huggingface/lerobot::3264;github_issue::huggingface/lerobot::3591;github_issue::huggingface/lerobot::2457;github_issue::huggingface/lerobot::1951
evidence_role,factor_only,71,15.01,15.01,github_issue::huggingface/lerobot::2407;github_issue::huggingface/lerobot::3830;github_issue::huggingface/lerobot::1578;github_issue::huggingface/lerobot::1579;github_issue::huggingface/lerobot::367
primary_deviation_symptom,success_rate_drop_or_mismatch,141,29.81,34.99,github_issue::huggingface/lerobot::2533;github_issue::huggingface/lerobot::3252;github_issue::huggingface/lerobot::3264;github_issue::huggingface/lerobot::3674;github_issue::huggingface/lerobot::3591
primary_deviation_symptom,evaluation_crash_or_failure,114,24.10,28.29,github_issue::huggingface/lerobot::3814;github_issue::huggingface/lerobot::2731;github_issue::huggingface/lerobot::2134;github_issue::huggingface/lerobot::745;github_issue::huggingface/lerobot::1271
primary_deviation_symptom,rollout_behavior_anomaly,94,19.87,23.33,github_issue::huggingface/lerobot::3633;github_issue::huggingface/lerobot::2853;github_issue::huggingface/lerobot::2457;github_issue::huggingface/lerobot::1951;github_issue::huggingface/lerobot::3636
primary_deviation_symptom,unknown_or_not_applicable,70,14.80,,github_issue::huggingface/lerobot::2407;github_issue::huggingface/lerobot::3830;github_issue::huggingface/lerobot::1578;github_issue::huggingface/lerobot::1579;github_issue::huggingface/lerobot::367
primary_deviation_symptom,setup_sensitive_result,20,4.23,4.96,github_issue::huggingface/lerobot::2402;github_issue::huggingface/lerobot::2375;github_issue::huggingface/lerobot::515;github_issue::facebookresearch/habitat-sim::689;github_pr::facebookresearch/habitat-sim::1400
primary_deviation_symptom,evaluation_instability_or_flakiness,16,3.38,3.97,github_pr::facebookresearch/habitat-sim::640;github_pr::facebookresearch/habitat-sim::2160;github_issue::mani-skill/ManiSkill::127;github_issue::mani-skill/ManiSkill::125;github_issue::facebookresearch/habitat-lab::384
primary_deviation_symptom,reproduction_failure,9,1.90,2.23,github_issue::facebookresearch/habitat-sim::44;github_issue::Lifelong-Robot-Learning/LIBERO::16;github_issue::ARISE-Initiative/robosuite::462;github_issue::ARISE-Initiative/robosuite::173;github_issue::Farama-Foundation/Metaworld::461
primary_deviation_symptom,reward_score_metric_mismatch,9,1.90,2.23,github_issue::huggingface/lerobot::321;github_issue::mani-skill/ManiSkill::963;github_issue::facebookresearch/habitat-lab::889;github_issue::facebookresearch/habitat-lab::1746;github_issue::facebookresearch/habitat-lab::57
primary_factor_category,unknown_or_not_specified,153,32.35,,github_issue::huggingface/lerobot::3633;github_issue::huggingface/lerobot::3264;github_issue::huggingface/lerobot::3591;github_issue::huggingface/lerobot::2457;github_issue::huggingface/lerobot::1951
primary_factor_category,dependency_runtime_environment,48,10.15,15.00,github_issue::huggingface/lerobot::2134;github_issue::huggingface/lerobot::470;github_issue::huggingface/lerobot::2697;github_issue::huggingface/lerobot::3247;github_issue::huggingface/lerobot::496
primary_factor_category,simulator_physics_rendering,43,9.09,13.44,github_issue::huggingface/lerobot::259;github_issue::huggingface/lerobot::3098;github_issue::facebookresearch/habitat-sim::370;github_pr::facebookresearch/habitat-sim::821;github_pr::facebookresearch/habitat-sim::317
primary_factor_category,evaluation_script_harness,36,7.61,11.25,github_issue::huggingface/lerobot::2407;github_issue::huggingface/lerobot::2114;github_issue::huggingface/lerobot::2850;github_issue::huggingface/lerobot::1271;github_issue::huggingface/lerobot::1428
primary_factor_category,action_controller_interface,34,7.19,10.62,github_issue::huggingface/lerobot::3401;github_issue::huggingface/lerobot::1316;github_issue::huggingface/lerobot::2413;github_issue::huggingface/lerobot::3246;github_issue::huggingface/lerobot::2630
primary_factor_category,checkpoint_config_compatibility,28,5.92,8.75,github_issue::huggingface/lerobot::3252;github_issue::huggingface/lerobot::3674;github_issue::huggingface/lerobot::2731;github_issue::huggingface/lerobot::1406;github_issue::huggingface/lerobot::2354
primary_factor_category,reset_or_initial_state,28,5.92,8.75,github_issue::huggingface/lerobot::3814;github_issue::huggingface/lerobot::2402;github_issue::huggingface/lerobot::2580;github_issue::facebookresearch/habitat-sim::1756;github_pr::facebookresearch/habitat-sim::435
primary_factor_category,observation_sensor_preprocessing,27,5.71,8.44,github_issue::huggingface/lerobot::2533;github_issue::huggingface/lerobot::502;github_issue::huggingface/lerobot::2980;github_issue::huggingface/lerobot::3636;github_issue::huggingface/lerobot::3830
primary_factor_category,seed_or_randomness,22,4.65,6.88,github_issue::facebookresearch/habitat-sim::44;github_pr::facebookresearch/habitat-sim::640;github_issue::mani-skill/ManiSkill::787;github_issue::mani-skill/ManiSkill::125;github_issue::facebookresearch/habitat-lab::658
primary_factor_category,object_scene_task_initialization,14,2.96,4.38,github_issue::mani-skill/ManiSkill::892;github_issue::mani-skill/ManiSkill::862;github_issue::Lifelong-Robot-Learning/LIBERO::131;github_issue::haosulab/ManiSkill-Learn::6;github_issue::mees/calvin::79
primary_factor_category,evaluation_protocol_metric,13,2.75,4.06,github_issue::huggingface/lerobot::367;github_pr::allenai/vla-evaluation-harness::7;github_issue::facebookresearch/habitat-lab::1652;github_issue::mees/calvin::113;github_issue::Farama-Foundation/Metaworld::303
primary_factor_category,training_evaluation_interaction,13,2.75,4.06,github_issue::huggingface/lerobot::2853;github_issue::huggingface/lerobot::2851;github_issue::huggingface/lerobot::2505;github_issue::mani-skill/ManiSkill::882;github_issue::mani-skill/ManiSkill::189
primary_factor_category,data_dataset_format,12,2.54,3.75,github_issue::huggingface/lerobot::1578;github_issue::huggingface/lerobot::43;github_issue::huggingface/lerobot::2689;github_issue::facebookresearch/habitat-sim::692;github_issue::facebookresearch/habitat-lab::889
primary_factor_category,ci_regression_evaluation,2,0.42,0.62,github_issue::mani-skill/ManiSkill::77;github_pr::allenai/vla-evaluation-harness::46
primary_affected_phase,rollout_execution,169,35.73,35.81,github_issue::huggingface/lerobot::3633;github_issue::huggingface/lerobot::3674;github_issue::huggingface/lerobot::3401;github_issue::huggingface/lerobot::1316;github_issue::huggingface/lerobot::2457
primary_affected_phase,benchmark_or_eval_setup,123,26.00,26.06,github_issue::huggingface/lerobot::3264;github_issue::huggingface/lerobot::952;github_issue::huggingface/lerobot::259;github_issue::huggingface/lerobot::1271;github_issue::huggingface/lerobot::2605
primary_affected_phase,environment_reset,70,14.80,14.83,github_issue::huggingface/lerobot::3814;github_issue::huggingface/lerobot::2402;github_issue::huggingface/lerobot::2850;github_issue::huggingface/lerobot::3098;github_issue::huggingface/lerobot::2542
primary_affected_phase,runtime_or_dependency_setup,28,5.92,5.93,github_issue::huggingface/lerobot::2134;github_issue::huggingface/lerobot::2697;github_issue::huggingface/lerobot::3247;github_issue::facebookresearch/habitat-sim::1176;github_issue::mani-skill/ManiSkill::1369
primary_affected_phase,observation_processing,25,5.29,5.30,github_issue::huggingface/lerobot::2533;github_issue::huggingface/lerobot::3591;github_issue::huggingface/lerobot::2980;github_issue::huggingface/lerobot::3830;github_issue::huggingface/lerobot::1428
primary_affected_phase,metric_computation,18,3.81,3.81,github_issue::huggingface/lerobot::367;github_issue::huggingface/lerobot::470;github_issue::facebookresearch/habitat-sim::405;github_issue::mani-skill/ManiSkill::125;github_issue::mani-skill/ManiSkill::1390
primary_affected_phase,checkpoint_or_config_loading,17,3.59,3.60,github_issue::huggingface/lerobot::3252;github_issue::huggingface/lerobot::2731;github_issue::huggingface/lerobot::1406;github_issue::huggingface/lerobot::2354;github_issue::huggingface/lerobot::850
primary_affected_phase,data_loading_or_decoding,9,1.90,1.91,github_issue::huggingface/lerobot::1578;github_issue::huggingface/lerobot::1579;github_issue::huggingface/lerobot::2505;github_issue::huggingface/lerobot::43;github_issue::mani-skill/ManiSkill::1200
primary_affected_phase,ci_or_regression_testing,5,1.06,1.06,github_pr::facebookresearch/habitat-sim::2160;github_pr::allenai/vla-evaluation-harness::46;github_issue::facebookresearch/habitat-lab::75;github_issue::Farama-Foundation/Metaworld::113;github_pr::Farama-Foundation/Metaworld::238
primary_affected_phase,training_eval_boundary,5,1.06,1.06,github_issue::huggingface/lerobot::2853;github_issue::huggingface/lerobot::2407;github_issue::mani-skill/ManiSkill::882;github_issue::openvla/openvla::299;github_pr::openvla/openvla::334
primary_affected_phase,action_execution,3,0.63,0.64,github_issue::mani-skill/ManiSkill::1052;github_pr::allenai/vla-evaluation-harness::16;github_issue::stepjam/RLBench::211
primary_affected_phase,unknown_or_not_specified,1,0.21,,github_issue::huggingface/lerobot::2211
deviation_symptoms_multi,success_rate_drop_or_mismatch,162,29.19,33.40,github_issue::huggingface/lerobot::3633;github_issue::huggingface/lerobot::2533;github_issue::huggingface/lerobot::3252;github_issue::huggingface/lerobot::3264;github_issue::huggingface/lerobot::2853
deviation_symptoms_multi,evaluation_crash_or_failure,121,21.80,24.95,github_issue::huggingface/lerobot::3814;github_issue::huggingface/lerobot::2731;github_issue::huggingface/lerobot::2134;github_issue::huggingface/lerobot::745;github_issue::huggingface/lerobot::1271
deviation_symptoms_multi,rollout_behavior_anomaly,121,21.80,24.95,github_issue::huggingface/lerobot::3633;github_issue::huggingface/lerobot::2853;github_issue::huggingface/lerobot::3674;github_issue::huggingface/lerobot::3401;github_issue::huggingface/lerobot::1316
deviation_symptoms_multi,unknown_or_not_applicable,70,12.61,,github_issue::huggingface/lerobot::2407;github_issue::huggingface/lerobot::3830;github_issue::huggingface/lerobot::1578;github_issue::huggingface/lerobot::1579;github_issue::huggingface/lerobot::367
deviation_symptoms_multi,setup_sensitive_result,34,6.13,7.01,github_issue::huggingface/lerobot::2402;github_issue::huggingface/lerobot::2850;github_issue::huggingface/lerobot::2375;github_issue::huggingface/lerobot::515;github_issue::facebookresearch/habitat-sim::689
deviation_symptoms_multi,evaluation_instability_or_flakiness,23,4.14,4.74,github_issue::huggingface/lerobot::2386;github_pr::facebookresearch/habitat-sim::640;github_pr::facebookresearch/habitat-sim::2160;github_issue::mani-skill/ManiSkill::127;github_issue::mani-skill/ManiSkill::125
deviation_symptoms_multi,reproduction_failure,13,2.34,2.68,github_issue::huggingface/lerobot::259;github_issue::huggingface/lerobot::3228;github_issue::facebookresearch/habitat-sim::44;github_issue::Lifelong-Robot-Learning/LIBERO::16;github_issue::facebookresearch/habitat-lab::108
deviation_symptoms_multi,reward_score_metric_mismatch,11,1.98,2.27,github_issue::huggingface/lerobot::321;github_issue::mani-skill/ManiSkill::963;github_pr::allenai/vla-evaluation-harness::7;github_issue::facebookresearch/habitat-lab::889;github_issue::facebookresearch/habitat-lab::1746
factor_categories_multi,unknown_or_not_specified,159,30.34,,github_issue::huggingface/lerobot::3633;github_issue::huggingface/lerobot::3264;github_issue::huggingface/lerobot::3591;github_issue::huggingface/lerobot::2457;github_issue::huggingface/lerobot::1951
factor_categories_multi,dependency_runtime_environment,49,9.35,13.42,github_issue::huggingface/lerobot::2134;github_issue::huggingface/lerobot::470;github_issue::huggingface/lerobot::2697;github_issue::huggingface/lerobot::3247;github_issue::huggingface/lerobot::496
factor_categories_multi,simulator_physics_rendering,45,8.59,12.33,github_issue::huggingface/lerobot::259;github_issue::huggingface/lerobot::3098;github_issue::facebookresearch/habitat-sim::370;github_pr::facebookresearch/habitat-sim::821;github_pr::facebookresearch/habitat-sim::317
factor_categories_multi,evaluation_script_harness,42,8.02,11.51,github_issue::huggingface/lerobot::2407;github_issue::huggingface/lerobot::2114;github_issue::huggingface/lerobot::2850;github_issue::huggingface/lerobot::1271;github_issue::huggingface/lerobot::1428
factor_categories_multi,action_controller_interface,39,7.44,10.68,github_issue::huggingface/lerobot::3401;github_issue::huggingface/lerobot::1316;github_issue::huggingface/lerobot::2413;github_issue::huggingface/lerobot::3246;github_issue::huggingface/lerobot::2630
factor_categories_multi,checkpoint_config_compatibility,34,6.49,9.32,github_issue::huggingface/lerobot::3252;github_issue::huggingface/lerobot::3674;github_issue::huggingface/lerobot::2731;github_issue::huggingface/lerobot::2980;github_issue::huggingface/lerobot::1406
factor_categories_multi,observation_sensor_preprocessing,33,6.30,9.04,github_issue::huggingface/lerobot::2533;github_issue::huggingface/lerobot::502;github_issue::huggingface/lerobot::2980;github_issue::huggingface/lerobot::3636;github_issue::huggingface/lerobot::3830
factor_categories_multi,reset_or_initial_state,30,5.73,8.22,github_issue::huggingface/lerobot::3814;github_issue::huggingface/lerobot::2402;github_issue::huggingface/lerobot::2375;github_issue::huggingface/lerobot::2580;github_issue::facebookresearch/habitat-sim::1756
factor_categories_multi,seed_or_randomness,25,4.77,6.85,github_issue::facebookresearch/habitat-sim::44;github_pr::facebookresearch/habitat-sim::640;github_issue::mani-skill/ManiSkill::892;github_issue::mani-skill/ManiSkill::787;github_issue::mani-skill/ManiSkill::125
factor_categories_multi,evaluation_protocol_metric,21,4.01,5.75,github_issue::huggingface/lerobot::1316;github_issue::huggingface/lerobot::367;github_issue::huggingface/lerobot::470;github_issue::mani-skill/ManiSkill::543;github_pr::allenai/vla-evaluation-harness::7
factor_categories_multi,data_dataset_format,15,2.86,4.11,github_issue::huggingface/lerobot::1578;github_issue::huggingface/lerobot::1369;github_issue::huggingface/lerobot::43;github_issue::huggingface/lerobot::2689;github_issue::facebookresearch/habitat-sim::692
factor_categories_multi,object_scene_task_initialization,15,2.86,4.11,github_issue::mani-skill/ManiSkill::892;github_issue::mani-skill/ManiSkill::862;github_issue::Lifelong-Robot-Learning/LIBERO::131;github_issue::haosulab/ManiSkill-Learn::6;github_issue::mees/calvin::79
factor_categories_multi,training_evaluation_interaction,15,2.86,4.11,github_issue::huggingface/lerobot::2853;github_issue::huggingface/lerobot::2851;github_issue::huggingface/lerobot::2505;github_issue::mani-skill/ManiSkill::882;github_issue::mani-skill/ManiSkill::189
factor_categories_multi,ci_regression_evaluation,2,0.38,0.55,github_issue::mani-skill/ManiSkill::77;github_pr::allenai/vla-evaluation-harness::46
affected_phases_multi,rollout_execution,192,35.16,35.23,github_issue::huggingface/lerobot::3633;github_issue::huggingface/lerobot::2853;github_issue::huggingface/lerobot::3674;github_issue::huggingface/lerobot::3401;github_issue::huggingface/lerobot::1316
affected_phases_multi,benchmark_or_eval_setup,142,26.01,26.06,github_issue::huggingface/lerobot::3264;github_issue::huggingface/lerobot::1316;github_issue::huggingface/lerobot::2457;github_issue::huggingface/lerobot::952;github_issue::huggingface/lerobot::259
affected_phases_multi,environment_reset,78,14.29,14.31,github_issue::huggingface/lerobot::3814;github_issue::huggingface/lerobot::259;github_issue::huggingface/lerobot::2402;github_issue::huggingface/lerobot::2850;github_issue::huggingface/lerobot::3098
affected_phases_multi,observation_processing,31,5.68,5.69,github_issue::huggingface/lerobot::2533;github_issue::huggingface/lerobot::3674;github_issue::huggingface/lerobot::3591;github_issue::huggingface/lerobot::502;github_issue::huggingface/lerobot::2980
affected_phases_multi,runtime_or_dependency_setup,29,5.31,5.32,github_issue::huggingface/lerobot::2134;github_issue::huggingface/lerobot::2697;github_issue::huggingface/lerobot::3247;github_issue::facebookresearch/habitat-sim::1176;github_issue::mani-skill/ManiSkill::1369
affected_phases_multi,metric_computation,23,4.21,4.22,github_issue::huggingface/lerobot::367;github_issue::huggingface/lerobot::470;github_issue::facebookresearch/habitat-sim::405;github_issue::mani-skill/ManiSkill::125;github_issue::mani-skill/ManiSkill::1390
affected_phases_multi,checkpoint_or_config_loading,22,4.03,4.04,github_issue::huggingface/lerobot::3252;github_issue::huggingface/lerobot::2731;github_issue::huggingface/lerobot::1406;github_issue::huggingface/lerobot::2354;github_issue::huggingface/lerobot::3122
affected_phases_multi,data_loading_or_decoding,13,2.38,2.39,github_issue::huggingface/lerobot::1578;github_issue::huggingface/lerobot::1579;github_issue::huggingface/lerobot::2505;github_issue::huggingface/lerobot::43;github_issue::facebookresearch/habitat-sim::692
affected_phases_multi,action_execution,5,0.92,0.92,github_issue::mani-skill/ManiSkill::1052;github_pr::allenai/vla-evaluation-harness::16;github_pr::allenai/vla-evaluation-harness::14;github_issue::stepjam/RLBench::211;github_issue::ARISE-Initiative/robosuite::56
affected_phases_multi,ci_or_regression_testing,5,0.92,0.92,github_pr::facebookresearch/habitat-sim::2160;github_pr::allenai/vla-evaluation-harness::46;github_issue::facebookresearch/habitat-lab::75;github_issue::Farama-Foundation/Metaworld::113;github_pr::Farama-Foundation/Metaworld::238
affected_phases_multi,training_eval_boundary,5,0.92,0.92,github_issue::huggingface/lerobot::2853;github_issue::huggingface/lerobot::2407;github_issue::mani-skill/ManiSkill::882;github_issue::openvla/openvla::299;github_pr::openvla/openvla::334
affected_phases_multi,unknown_or_not_specified,1,0.18,,github_issue::huggingface/lerobot::2211
